SOURCE,COMMUNITY,post_count,brand_density,item_density,style_density
ZZ,Z9DY,84464,1.5122300625118394,2.04967796931237,1.0684078423943928
KK,KKST,26642,0.768373245251858,2.4507544478642744,0.9517678852938969
FS,FIT THE SIZE,98277,1.6311751477965344,1.6441690324287472,1.0109791711183695
HA,HAO,6714,0.9006553470360441,1.8461423890378315,0.7762883526958594
GO,GOCD,55969,1.2991298754667762,2.336972252496918,1.3646304204112991
